{
  "session_id": "test_video_4",
  "manual_inputs": {
    "driving_duration_min": 120,
    "time_since_last_break_min": 150
  },
  "video_outputs": {
    "time_points": [
      0.0,
      0.5,
      1.0,
      1.5,
      2.0,
      2.5,
      3.0,
      3.5,
      4.0,
      4.5
    ],
    "drowsy_probability_sequence": [
      0.2149573117494583,
      0.42698395252227783,
      0.9985575079917908,
      0.9999687671661377,
      0.9999973773956299,
      0.9999657869338989,
      0.9225391745567322,
      0.038701269775629044,
      0.003397350199520588,
      9.516359568806365e-06
    ]
  },
  "decision_outputs": {
    "video_risk": 68.02,
    "driving_duration_risk": 25,
    "break_gap_risk": 45,
    "fatigue_score": 54.81,
    "risk_level": "medium",
    "recommendation": "stay_alert",
    "alert_level": "soft"
  }
}